{"cameraMode":{"drawMode":0,"name":"Shaded","section":"Shading Mode"},"sceneLighting":true,"audioPlay":false,"sceneViewState":{"m_AlwaysRefresh":false,"showFog":true,"showSkybox":true,"showFlares":true,"showImageEffects":true,"showParticleSystems":true,"showVisualEffectGraphs":true,"m_FxEnabled":true},"in2DMode":false,"pivot":{"x":-1.0248998403549195,"y":2.27897047996521,"z":-7.8380913734436039},"rotation":{"x":-0.21316173672676087,"y":0.002049570670351386,"z":-0.00044586192234419286,"w":-0.9770179986953735},"size":1.7261223793029786,"orthographic":false}